{
    "p227": {
        "mean": 117.22332763671875,
        "std": 11.58687686920166
    },
    "p228": {
        "mean": 200.57423400878906,
        "std": 28.561443328857422
    },
    "p226": {
        "mean": 112.71839904785156,
        "std": 14.962677955627441
    },
    "p225": {
        "mean": 178.90036010742188,
        "std": 29.214263916015625
    }
}