{
    "p227": {
        "mean": 116.46446228027344,
        "std": 22.498825073242188,
        "mean_log": 4.756645202636719,
        "std_log": 0.17251935601234436
    },
    "p228": {
        "mean": 195.26123046875,
        "std": 37.566314697265625,
        "mean_log": 5.2731146812438965,
        "std_log": 0.24332448840141296
    },
    "p226": {
        "mean": 109.76860809326172,
        "std": 19.539669036865234,
        "mean_log": 4.696962356567383,
        "std_log": 0.16696606576442719
    },
    "p225": {
        "mean": 174.35260009765625,
        "std": 40.31464767456055,
        "mean_log": 5.159155368804932,
        "std_log": 0.26097774505615234
    }
}