{
    "p227": {
        "mean": 4.757284164428711,
        "std": 0.1371644139289856
    },
    "p228": {
        "mean": 5.301275730133057,
        "std": 0.17979823052883148
    },
    "p226": {
        "mean": 4.719938278198242,
        "std": 0.13993394374847412
    },
    "p225": {
        "mean": 5.186755180358887,
        "std": 0.19560040533542633
    }
}